name,avg
Quiz 2.1 – item 1,1.14444444444444
Quiz 2.1 – item 2,2.65882352941176
Quiz 2.1 – item 3,3.82926829268293
