name,avg
Quiz 2.1 – item 4,1.69444444444444
Quiz 2.1 – item 2,1.51666666666667
Quiz 2.1 – item 3,1.78151260504202
Quiz 2.1 – item 5,2.2156862745098
Quiz 2.1 – item 1,2.42253521126761
Quiz 2.1 – item 6,1.75
