name,avg
Quiz 4 – item 5,2.2
Quiz 4 – item 3,1.48684210526316
Quiz 4 – item 4,2.68852459016393
Quiz 4 – item 2,2.56944444444444
Quiz 4 – item 1,1.73417721518987
