name,last_seen
1.1,0.28878116343490307
1.2,0.24445983379501385
2.1,0.14889196675900276
1-D Quadrotor Control,0.060941828254847646
2-D Quadrotor Control,0.018698060941828253
3,0.1149584487534626
4,0.08102493074792244
3-D Quadrotor Control,0.04224376731301939
