Course order,Assignment,Last seen (%)
1,1.1,28.878116343490305
2,1.2,24.445983379501385
