name,last_seen
1.1,0.28878116343490307
1.2,0.24445983379501385
