name,last_seen
4,0.08102493074792244
3-D Quadrotor Control,0.04224376731301939
