name,last_seen
2.1,0.14889196675900276
1-D Quadrotor Control,0.060941828254847646
