name,last_seen
2-D Quadrotor Control,0.018698060941828253
3,0.1149584487534626
