video,last_seen,watched
2-D Quadrotor Control,0.03175803402646503,0.7840909090909091
3-D Quadrotor Control,0.015122873345935728,0.625
"Time, Motion, and Trajectories",0.009829867674858222,0.5738636363636364
"Time, Motion, and Trajectories (continued)",0.006427221172022685,0.5028409090909091
Motion Planning for Quadrotors,0.01776937618147448,0.53125
Supplementary Material: Minimum Velocity Trajectories from the Euler-Lagrange Equations,0.005671077504725898,0.4659090909090909
Supplementary Material: Solving for Coefficients of Minimum Jerk Trajectories,0.0060491493383742915,0.42329545454545453
Supplementary Material: Minimum Velocity Trajectories,0.0026465028355387526,0.4147727272727273
Supplementary Material: Linearization of Quadrotor Equations of Motion,0.03780718336483932,0.45170454545454547
