name,avg
Quiz 1.2 – item 1,1.94520547945205
Quiz 1.2 – item 2,1.28
Quiz 1.2 – item 3,1.63529411764706
Quiz 1.2 – item 4,1.03619909502262
Quiz 1.2 – item 5.1,1.32394366197183
Quiz 1.2 – item 5.2,1.25555555555556
Quiz 1.2 – item 5.3,1.2875
