name,avg
Quiz 1.1 – item 5,2.68
Quiz 1.1 – item 6,2.27692307692308
Quiz 1.1 – item 1,1.68553459119497
Quiz 1.1 – item 4,1.68131868131868
Quiz 1.1 – item 3,1.52336448598131
Quiz 1.1 – item 2,1.40490797546012
